<?xml version="1.0" encoding="UTF-8"?>
<project-private xmlns="http://www.netbeans.org/ns/project-private/1">
    <editor-bookmarks xmlns="http://www.netbeans.org/ns/editor-bookmarks/2" lastBookmarkId="0"/>
    <open-files xmlns="http://www.netbeans.org/ns/projectui-open-files/2">
        <group>
            <file>file:/C:/Users/NAIDA/OneDrive/Documents/NetBeansProjects/java10/web/formtambahbarang.jsp</file>
            <file>file:/C:/Users/NAIDA/OneDrive/Documents/NetBeansProjects/java10/src/java/tokoatk/TestConnection.java</file>
            <file>file:/C:/Users/NAIDA/OneDrive/Documents/NetBeansProjects/java10/web/useredit.jsp</file>
            <file>file:/C:/Users/NAIDA/OneDrive/Documents/NetBeansProjects/java10/web/formlogin.view.jsp</file>
            <file>file:/C:/Users/NAIDA/OneDrive/Documents/NetBeansProjects/java10/web/formtambahbarang.view.jsp</file>
            <file>file:/C:/Users/NAIDA/OneDrive/Documents/NetBeansProjects/java10/web/barangedit.jsp</file>
            <file>file:/C:/Users/NAIDA/OneDrive/Documents/NetBeansProjects/java10/src/java/tokoatk/User.java</file>
            <file>file:/C:/Users/NAIDA/OneDrive/Documents/NetBeansProjects/java10/web/formusertambah.jsp</file>
            <file>file:/C:/Users/NAIDA/OneDrive/Documents/NetBeansProjects/java10/web/stocktambah.jsp</file>
            <file>file:/C:/Users/NAIDA/OneDrive/Documents/NetBeansProjects/java10/web/baranglist.view.jsp</file>
            <file>file:/C:/Users/NAIDA/OneDrive/Documents/NetBeansProjects/java10/web/register.jsp</file>
            <file>file:/C:/Users/NAIDA/OneDrive/Documents/NetBeansProjects/java10/web/stockhapus.jsp</file>
            <file>file:/C:/Users/NAIDA/OneDrive/Documents/NetBeansProjects/java10/web/formregister.view.jsp</file>
            <file>file:/C:/Users/NAIDA/OneDrive/Documents/NetBeansProjects/java10/web/formlogin.jsp</file>
            <file>file:/C:/Users/NAIDA/OneDrive/Documents/NetBeansProjects/java10/src/java/tokoatk/Barang.java</file>
            <file>file:/C:/Users/NAIDA/OneDrive/Documents/NetBeansProjects/java10/web/salesdelete.jsp</file>
            <file>file:/C:/Users/NAIDA/OneDrive/Documents/NetBeansProjects/java10/web/formstocktambah.jsp</file>
            <file>file:/C:/Users/NAIDA/OneDrive/Documents/NetBeansProjects/java10/web/userlist.jsp</file>
            <file>file:/C:/Users/NAIDA/OneDrive/Documents/NetBeansProjects/java10/web/stocklist.jsp</file>
            <file>file:/C:/Users/NAIDA/OneDrive/Documents/NetBeansProjects/java10/src/java/tokoatk/SalesDetail.java</file>
            <file>file:/C:/Users/NAIDA/OneDrive/Documents/NetBeansProjects/java10/src/conf/MANIFEST.MF</file>
            <file>file:/C:/Users/NAIDA/OneDrive/Documents/NetBeansProjects/java10/web/formsalestambah.view.jsp</file>
            <file>file:/C:/Users/NAIDA/OneDrive/Documents/NetBeansProjects/java10/web/login.jsp</file>
            <file>file:/C:/Users/NAIDA/OneDrive/Documents/NetBeansProjects/java10/src/java/tokoatk/StockDetail.java</file>
            <file>file:/C:/Users/NAIDA/OneDrive/Documents/NetBeansProjects/java10/web/userlist.view.jsp</file>
            <file>file:/C:/Users/NAIDA/OneDrive/Documents/NetBeansProjects/java10/web/baranghapus.jsp</file>
            <file>file:/C:/Users/NAIDA/OneDrive/Documents/NetBeansProjects/java10/web/salesdetail.jsp</file>
            <file>file:/C:/Users/NAIDA/OneDrive/Documents/NetBeansProjects/java10/src/java/tokoatk/DbConnection.java</file>
            <file>file:/C:/Users/NAIDA/OneDrive/Documents/NetBeansProjects/java10/web/formsalestambah.jsp</file>
            <file>file:/C:/Users/NAIDA/OneDrive/Documents/NetBeansProjects/java10/web/home.jsp</file>
            <file>file:/C:/Users/NAIDA/OneDrive/Documents/NetBeansProjects/java10/web/stocklist.view.jsp</file>
            <file>file:/C:/Users/NAIDA/OneDrive/Documents/NetBeansProjects/java10/web/stockdetail.jsp</file>
            <file>file:/C:/Users/NAIDA/OneDrive/Documents/NetBeansProjects/java10/web/saleslist.view.jsp</file>
            <file>file:/C:/Users/NAIDA/OneDrive/Documents/NetBeansProjects/java10/web/formuseredit.jsp</file>
            <file>file:/C:/Users/NAIDA/OneDrive/Documents/NetBeansProjects/java10/web/api.salestotal.jsp</file>
            <file>file:/C:/Users/NAIDA/OneDrive/Documents/NetBeansProjects/java10/web/salesread.jsp</file>
            <file>file:/C:/Users/NAIDA/OneDrive/Documents/NetBeansProjects/java10/web/saleslist.jsp</file>
            <file>file:/C:/Users/NAIDA/OneDrive/Documents/NetBeansProjects/java10/web/test.jsp</file>
            <file>file:/C:/Users/NAIDA/OneDrive/Documents/NetBeansProjects/java10/src/java/tokoatk/Sales.java</file>
            <file>file:/C:/Users/NAIDA/OneDrive/Documents/NetBeansProjects/java10/web/salesdetailtambah.jsp</file>
            <file>file:/C:/Users/NAIDA/OneDrive/Documents/NetBeansProjects/java10/web/home.view.jsp</file>
            <file>file:/C:/Users/NAIDA/OneDrive/Documents/NetBeansProjects/java10/web/barangeditproses.jsp</file>
            <file>file:/C:/Users/NAIDA/OneDrive/Documents/NetBeansProjects/java10/web/userhapus.jsp</file>
            <file>file:/C:/Users/NAIDA/OneDrive/Documents/NetBeansProjects/java10/src/java/tokoatk/Stock.java</file>
            <file>file:/C:/Users/NAIDA/OneDrive/Documents/NetBeansProjects/java10/web/usertambah.jsp</file>
            <file>file:/C:/Users/NAIDA/OneDrive/Documents/NetBeansProjects/java10/web/logout.jsp</file>
            <file>file:/C:/Users/NAIDA/OneDrive/Documents/NetBeansProjects/java10/web/hapusdetail.jsp</file>
            <file>file:/C:/Users/NAIDA/OneDrive/Documents/NetBeansProjects/java10/web/formusertambah.view.jsp</file>
            <file>file:/C:/Users/NAIDA/OneDrive/Documents/NetBeansProjects/java10/web/formbarangedit.jsp</file>
            <file>file:/C:/Users/NAIDA/OneDrive/Documents/NetBeansProjects/java10/web/salestambah.jsp</file>
            <file>file:/C:/Users/NAIDA/OneDrive/Documents/NetBeansProjects/java10/web/formstocktambah.view.jsp</file>
            <file>file:/C:/Users/NAIDA/OneDrive/Documents/NetBeansProjects/java10/web/api.barangstat.jsp</file>
            <file>file:/C:/Users/NAIDA/OneDrive/Documents/NetBeansProjects/java10/web/stockdetailtambah.jsp</file>
            <file>file:/C:/Users/NAIDA/OneDrive/Documents/NetBeansProjects/java10/web/formregister.jsp</file>
            <file>file:/C:/Users/NAIDA/OneDrive/Documents/NetBeansProjects/java10/web/api.baranggantinama.jsp</file>
            <file>file:/C:/Users/NAIDA/OneDrive/Documents/NetBeansProjects/java10/web/barangtambah.jsp</file>
            <file>file:/C:/Users/NAIDA/OneDrive/Documents/NetBeansProjects/java10/web/META-INF/context.xml</file>
            <file>file:/C:/Users/NAIDA/OneDrive/Documents/NetBeansProjects/java10/web/baranglist.jsp</file>
            <file>file:/C:/Users/NAIDA/OneDrive/Documents/NetBeansProjects/java10/web/index.jsp</file>
        </group>
    </open-files>
</project-private>
